families	Element_symbol	Element_name	Scope	Type	Subtype	Class	Subclass	Method	Target_length	Reference_sequence_length	Prct_Coverage_of_reference	Prct_Identity_to_reference	Alignment_length	Closest_reference_accession	Closest_reference_name	HMM_accession	HMM_description
A1D04_RS04905	blaIMP-1	subclass B1 metallo-beta-lactamase IMP-1	core	AMR	AMR	BETA-LACTAM	CARBAPENEM	ALLELEP	247	246	100.00	100.00	246	WP_003159548.1	subclass B1 metallo-beta-lactamase IMP-1	NF012147.1	IMP family subclass B1 metallo-beta-lactamase
A7954_RS01290	sul1	sulfonamide-resistant dihydropteroate synthase Sul1	core	AMR	AMR	SULFONAMIDE	SULFONAMIDE	EXACTP	284	283	100.00	100.00	283	WP_000946487.1	sulfonamide-resistant dihydropteroate synthase Sul1	NF000294.1	sulfonamide-resistant dihydropteroate synthase Sul1
AA954_RS10025	blaKPC-2	carbapenem-hydrolyzing class A beta-lactamase KPC-2	core	AMR	AMR	BETA-LACTAM	CARBAPENEM	ALLELEP	294	293	100.00	100.00	293	WP_004199234.1	carbapenem-hydrolyzing class A beta-lactamase KPC-2	NF012141.1	KPC family carbapenem-hydrolyzing class A beta-lactamase
AA954_RS10110	aac(6')-33	aminoglycoside 6'-N-acetyltransferase AAC(6')-33	core	AMR	AMR	AMINOGLYCOSIDE	AMINOGLYCOSIDE	ALLELEP	185	184	100.00	100.00	184	WP_015059044.1	aminoglycoside 6'-N-acetyltransferase AAC(6')-33	NF033078.2	AAC(6')-Ia family aminoglycoside 6'-N-acetyltransferase
AB71190_RS19420	erm	23S ribosomal RNA methyltransferase Erm	core	AMR	AMR	MACROLIDE	MACROLIDE	HMM	291	301	94.68	48.25	286	WP_052259183.1	23S ribosomal RNA methyltransferase Erm	NF000499.2	23S ribosomal RNA methyltransferase Erm
ABAYE_RS17975	blaOXA-10	oxacillin-hydrolyzing class D beta-lactamase OXA-10	core	AMR	AMR	BETA-LACTAM	CEPHALOSPORIN	ALLELEP	267	266	100.00	100.00	266	WP_000846390.1	oxacillin-hydrolyzing class D beta-lactamase OXA-10	NF000386.2	OXA-10 family class D beta-lactamase
ABAYE_RS18060	tet(G)	tetracycline efflux MFS transporter Tet(G)	core	AMR	AMR	TETRACYCLINE	TETRACYCLINE	EXACTP	392	391	100.00	100.00	391	WP_001257840.1	tetracycline efflux MFS transporter Tet(G)	NF012192.0	tetracycline efflux MFS transporter Tet(G)
ABAYE_RS18075	sul1	sulfonamide-resistant dihydropteroate synthase Sul1	core	AMR	AMR	SULFONAMIDE	SULFONAMIDE	PARTIALP	299	275	64.00	100.00	176	WP_063855066.1	sulfonamide-resistant dihydropteroate synthase Sul1	NA	NA
ABAYE_RS19460	dfrA10	trimethoprim-resistant dihydrofolate reductase DfrA10	core	AMR	AMR	TRIMETHOPRIM	TRIMETHOPRIM	EXACTP	188	187	100.00	100.00	187	WP_001027119.1	trimethoprim-resistant dihydrofolate reductase DfrA10	NF000018.2	trimethoprim-resistant dihydrofolate reductase DfrA10
ABB035_RS16305	blaSCO-1	class A beta-lactamase SCO-1	core	AMR	AMR	BETA-LACTAM	BETA-LACTAM	ALLELEP	289	288	100.00	100.00	288	WP_004197546.1	class A beta-lactamase SCO-1	NF000327.2	SCO family class A beta-lactamase
ABDN00_RS19290	blaDHA-1	extended-spectrum class C beta-lactamase DHA-1	core	AMR	AMR	BETA-LACTAM	CEPHALOSPORIN	ALLELEP	380	379	100.00	100.00	379	WP_004236386.1	extended-spectrum class C beta-lactamase DHA-1	NF012102.1	DHA family class C beta-lactamase
ABEV08_RS14165	arr	NAD(+)--rifampin ADP-ribosyltransferase	core	AMR	AMR	RIFAMYCIN	RIFAMYCIN	HMM	150	150	100.00	80.00	150	WP_063842214.1	NAD(+)--rifampin ADP-ribosyltransferase	NF033144.1	NAD(+)--rifampin ADP-ribosyltransferase
ABEV08_RS19315	arsD	arsenite efflux transporter metallochaperone ArsD	plus	STRESS	METAL	ARSENIC	ARSENITE	HMM	121	120	100.00	59.17	120	AAA93060.1	arsenite efflux transporter metallochaperone ArsD	NF033727.2	arsenite efflux transporter metallochaperone ArsD
ABKR40_RS13815	armA	16S rRNA (guanine(1405)-N(7))-methyltransferase ArmA	core	AMR	AMR	AMINOGLYCOSIDE	GENTAMICIN	EXACTP	258	257	100.00	100.00	257	WP_000359986.1	16S rRNA (guanine(1405)-N(7))-methyltransferase ArmA	NF000466.2	Rmt family 16S rRNA (guanine(1405)-N(7))-methyltransferase
ABKR40_RS13830	msr(E)	ABC-F type ribosomal protection protein Msr(E)	core	AMR	AMR	MACROLIDE/STREPTOGRAMIN	AZITHROMYCIN/ERYTHROMYCIN/STREPTOGRAMIN	EXACTP	492	491	100.00	100.00	491	WP_000052512.1	ABC-F type ribosomal protection protein Msr(E)	NF000168.2	Msr family ABC-F type ribosomal protection protein
ABKR40_RS15175	qacEdelta1	quaternary ammonium compound efflux SMR transporter QacE delta 1	core	STRESS	BIOCIDE	QUATERNARY AMMONIUM	QUATERNARY AMMONIUM	ALLELEP	116	115	100.00	100.00	115	WP_000679427.1	quaternary ammonium compound efflux SMR transporter QacE delta 1	NF000276.2	quaternary ammonium compound efflux SMR transporter QacE
ABKR40_RS15205	blaTEM-1	broad-spectrum class A beta-lactamase TEM-1	core	AMR	AMR	BETA-LACTAM	BETA-LACTAM	ALLELEP	287	286	100.00	100.00	286	WP_000027057.1	broad-spectrum class A beta-lactamase TEM-1	NF000531.2	TEM family class A beta-lactamase
ABKR40_RS16105	catB8	type B-3 chloramphenicol O-acetyltransferase CatB8	core	AMR	AMR	PHENICOL	CHLORAMPHENICOL	EXACTP	211	210	100.00	100.00	210	WP_002075262.1	type B-3 chloramphenicol O-acetyltransferase CatB8	NF000490.1	type B chloramphenicol O-acetyltransferase
ABKR40_RS16135	aph(3')-Ia	aminoglycoside O-phosphotransferase APH(3')-Ia	core	AMR	AMR	AMINOGLYCOSIDE	KANAMYCIN	EXACTP	272	271	100.00	100.00	271	WP_000018326.1	aminoglycoside O-phosphotransferase APH(3')-Ia	NF051474.1	aminoglycoside O-phosphotransferase APH(3')-Ia
ABS219_RS16805	hdeD-GI	heat resistance membrane protein HdeD-GI	plus	STRESS	HEAT	NA	NA	BLASTP	204	203	100.00	97.54	203	APX31174.1	heat resistance membrane protein HdeD-GI	NA	NA
ACEYW7_RS11090	rmtC	RmtC family 16S rRNA (guanine(1405)-N(7))-methyltransferase	core	AMR	AMR	AMINOGLYCOSIDE	AMINOGLYCOSIDE	EXACTP	282	281	100.00	100.00	281	WP_000855769.1	RmtC family 16S rRNA (guanine(1405)-N(7))-methyltransferase	NF000150.1	RmtC family 16S rRNA (guanine(1405)-N(7))-methyltransferase
ACEYW7_RS11565	erm(B)	23S rRNA (adenine(2058)-N(6))-methyltransferase Erm(B)	core	AMR	AMR	LINCOSAMIDE/MACROLIDE/STREPTOGRAMIN	CLINDAMYCIN/ERYTHROMYCIN/STREPTOGRAMIN B	BLASTP	246	245	100.00	99.59	245	WP_002321849.1	23S rRNA (adenine(2058)-N(6))-methyltransferase Erm(B)	NF012220.1	23S rRNA (adenine(2058)-N(6))-methyltransferase Erm(B)
ACIN5098_RS11115	blaCMY-30	extended-spectrum class C beta-lactamase CMY-30	core	AMR	AMR	BETA-LACTAM	CEPHALOSPORIN	ALLELEP	382	381	100.00	100.00	381	WP_000976513.1	extended-spectrum class C beta-lactamase CMY-30	NF000191.1	CMY-2 family class C beta-lactamase
ACINWC692_RS05475	fos	fosfomycin resistance glutathione transferase FosLL	core	AMR	AMR	FOSFOMYCIN	FOSFOMYCIN	BLASTP	136	135	100.00	95.56	135	WP_000777201.1	fosfomycin resistance glutathione transferase FosLL	NF033405.1	fosfomycin resistance glutathione transferase FosLL
ACIWPN_RS18760	merC	organomercurial transporter MerC	plus	STRESS	METAL	MERCURY	ORGANOMERCURY	EXACTP	141	140	100.00	100.00	140	AAC33908.1	organomercurial transporter MerC	NF033784.1	organomercurial transporter MerC
ACIWPN_RS18775	merE	broad-spectrum mercury transporter MerE	plus	STRESS	METAL	MERCURY	MERCURY	HMM	79	78	100.00	78.21	78	AAA88371.1	broad-spectrum mercury transporter MerE	NF010310.2	broad-spectrum mercury transporter MerE
ACIWPY_RS19455	dfrA7	trimethoprim-resistant dihydrofolate reductase DfrA7	core	AMR	AMR	TRIMETHOPRIM	TRIMETHOPRIM	EXACTP	158	157	100.00	100.00	157	WP_000703418.1	trimethoprim-resistant dihydrofolate reductase DfrA7	NF000330.1	trimethoprim-resistant dihydrofolate reductase DfrA
ACIWPY_RS19465	blaGES-14	carbapenem-hydrolyzing class A beta-lactamase GES-14	core	AMR	AMR	BETA-LACTAM	CARBAPENEM	ALLELEP	288	287	100.00	100.00	287	WP_063860502.1	carbapenem-hydrolyzing class A beta-lactamase GES-14	NF012103.0	GES family class A beta-lactamase
ACJ23B_RS01805	merC	organomercurial transporter MerC	plus	STRESS	METAL	MERCURY	ORGANOMERCURY	HMM	136	140	98.57	78.99	138	AAC33908.1	organomercurial transporter MerC	NF033784.1	organomercurial transporter MerC
ACJ6JN_RS18930	arsN1	arsinothricin resistance N-acetyltransferase ArsN1 family B	plus	STRESS	METAL	ARSENIC	ARSENIC	HMM	167	186	86.56	43.83	162	AAN67541.1	arsinothricin resistance N-acetyltransferase ArsN1 family B	NF040504.1	arsinothricin resistance N-acetyltransferase ArsN1 family B
ACKPDU_RS10930	blaPER-7	inhibitor-resistant extended-spectrum class A beta-lactamase PER-7	core	AMR	AMR	BETA-LACTAM	CEPHALOSPORIN	ALLELEP	309	308	100.00	100.00	308	WP_032495440.1	inhibitor-resistant extended-spectrum class A beta-lactamase PER-7	NF000389.2	PER family extended-spectrum class A beta-lactamase
ACKPDU_RS11040	blaCARB-2	PSE family carbenicillin-hydrolyzing class A beta-lactamase CARB-2	core	AMR	AMR	BETA-LACTAM	BETA-LACTAM	ALLELEP	289	288	100.00	100.00	288	WP_001931474.1	PSE family carbenicillin-hydrolyzing class A beta-lactamase CARB-2	NF000480.2	PSE family carbenicillin-hydrolyzing class A beta-lactamase
ACKPDW_RS20035	aadT	multidrug efflux MFS transporter AadT	plus	AMR	AMR	EFFLUX	EFFLUX	BLASTP	505	504	100.00	97.82	504	AMD83542.1	multidrug efflux MFS transporter AadT	NA	NA
ACLUR6_RS07110	aph(4)-Ia	aminoglycoside O-phosphotransferase APH(4)-Ia	core	AMR	AMR	AMINOGLYCOSIDE	HYGROMYCIN	EXACTP	342	341	100.00	100.00	341	WP_000742814.1	aminoglycoside O-phosphotransferase APH(4)-Ia	NF000107.2	aminoglycoside O-phosphotransferase APH(4)-Ia
ACLUR6_RS07115	aac(3)-IVa	aminoglycoside N-acetyltransferase AAC(3)-IVa	core	AMR	AMR	AMINOGLYCOSIDE	APRAMYCIN/GENTAMICIN/TOBRAMYCIN	EXACTP	259	258	100.00	100.00	258	WP_001199192.1	aminoglycoside N-acetyltransferase AAC(3)-IVa	NF033081.0	AAC(3)-IV family aminoglycoside N-acetyltransferase
ACM9OC_RS02765	cml	CmlA/FloR family chloramphenicol efflux MFS transporter	core	AMR	AMR	PHENICOL	CHLORAMPHENICOL	HMM	422	421	100.00	78.15	421	WP_024160909.1	CmlA/FloR family chloramphenicol efflux MFS transporter	NF033134.0	CmlA/FloR family chloramphenicol efflux MFS transporter
ACN16F_RS09735	blaOXA-542	carbapenem-hydrolyzing class D beta-lactamase OXA-542	core	AMR	AMR	BETA-LACTAM	CARBAPENEM	ALLELEP	276	275	100.00	100.00	275	WP_109545048.1	carbapenem-hydrolyzing class D beta-lactamase OXA-542	NF012161.0	class D beta-lactamase
ACOCIM_RS06690	adeD	multidrug efflux RND transporter periplasmic adaptor subunit AdeD	plus	AMR	AMR	EFFLUX	EFFLUX	BLASTP	375	374	97.59	95.62	365	AAU10477.1	multidrug efflux RND transporter periplasmic adaptor subunit AdeD	NA	NA
ACOCIM_RS06695	adeE	multidrug efflux RND transporter permease subunit AdeE	plus	AMR	AMR	EFFLUX	EFFLUX	BLASTP	1038	1036	100.00	99.04	1037	AAN38824.2	multidrug efflux RND transporter permease subunit AdeE	NA	NA
ACQPWL_RS19915	pcoB	copper-binding protein PcoB	plus	STRESS	METAL	COPPER	COPPER	BLASTP	297	296	100.00	99.66	296	CAA58526.1	copper-binding protein PcoB	NA	NA
ACQPWL_RS19930	pcoR	copper response regulator transcription factor PcoR	plus	STRESS	METAL	COPPER	COPPER	BLASTP	227	226	100.00	99.56	226	CAA58529.1	copper response regulator transcription factor PcoR	NA	NA
ACSOTD_RS18370	blaOXA-420	OXA-58 family carbapenem-hydrolyzing class D beta-lactamase OXA-420	core	AMR	AMR	BETA-LACTAM	CARBAPENEM	ALLELEP	281	280	100.00	100.00	280	WP_063862810.1	OXA-58 family carbapenem-hydrolyzing class D beta-lactamase OXA-420	NF000500.2	OXA-58 family carbapenem-hydrolyzing class D beta-lactamase
ACSOTD_RS18690	dfrA20	trimethoprim-resistant dihydrofolate reductase DfrA20	core	AMR	AMR	TRIMETHOPRIM	TRIMETHOPRIM	EXACTP	170	169	100.00	100.00	169	WP_032491181.1	trimethoprim-resistant dihydrofolate reductase DfrA20	NF000127.2	trimethoprim-resistant dihydrofolate reductase DfrA20
ACSOTG_RS16875	qnrVC6	quinolone resistance pentapeptide repeat protein QnrVC6	core	AMR	AMR	QUINOLONE	QUINOLONE	ALLELEP	219	218	100.00	100.00	218	WP_032495607.1	quinolone resistance pentapeptide repeat protein QnrVC6	NF000421.1	QnrVC family quinolone resistance pentapeptide repeat protein
ACSVHF_RS17475	mcr-4.3	phosphoethanolamine--lipid A transferase MCR-4.3	core	AMR	AMR	COLISTIN	COLISTIN	ALLELEP	542	541	100.00	100.00	541	WP_011638903.1	phosphoethanolamine--lipid A transferase MCR-4.3	NF033462.1	MCR-4 family phosphoethanolamine--lipid A transferase
ACTFYI_RS17500	fosA13	FosA13 family fosfomycin resistance glutathione transferase	plus	AMR	AMR	FOSFOMYCIN	FOSFOMYCIN	BLASTP	144	143	100.00	93.71	143	XLV46570.1	FosA13 family fosfomycin resistance glutathione transferase	NF051469.1	FosA13 family fosfomycin resistance glutathione transferase
AM457_RS10950	dfrB1	trimethoprim-resistant dihydrofolate reductase DfrB1	core	AMR	AMR	TRIMETHOPRIM	TRIMETHOPRIM	EXACTP	79	78	100.00	100.00	78	WP_000442373.1	trimethoprim-resistant dihydrofolate reductase DfrB1	NF000331.2	trimethoprim-resistant dihydrofolate reductase DfrB
APC87_RS05190	mph(A)	Mph(A) family macrolide 2'-phosphotransferase	core	AMR	AMR	MACROLIDE	AZITHROMYCIN/ERYTHROMYCIN/SPIRAMYCIN/TELITHROMYCIN	EXACTP	302	301	100.00	100.00	301	WP_000219391.1	Mph(A) family macrolide 2'-phosphotransferase	NF000254.1	Mph(A) family macrolide 2'-phosphotransferase
APC87_RS05195	mrx(A)	phosphorylated macrolide efflux MFS transporter Mrx(A)	core	AMR	AMR	MACROLIDE	AZITHROMYCIN/ERYTHROMYCIN/SPIRAMYCIN/TELITHROMYCIN	EXACTP	413	412	100.00	100.00	412	WP_000004159.1	phosphorylated macrolide efflux MFS transporter Mrx(A)	NA	NA
Aba23S_RS15595	merB	organomercurial lyase MerB	plus	STRESS	METAL	MERCURY	ORGANOMERCURY	BLASTP	213	212	100.00	92.45	212	CAC86907.1	organomercurial lyase MerB	NF033555.1	organomercurial lyase MerB
Aba23S_RS15625	merE	broad-spectrum mercury transporter MerE	plus	STRESS	METAL	MERCURY	MERCURY	HMM	79	78	96.15	68.00	75	CAA77325.1	broad-spectrum mercury transporter MerE	NF010310.2	broad-spectrum mercury transporter MerE
AbaHEU2_RS18835	dfrA12	trimethoprim-resistant dihydrofolate reductase DfrA12	core	AMR	AMR	TRIMETHOPRIM	TRIMETHOPRIM	EXACTP	166	165	100.00	100.00	165	WP_001083725.1	trimethoprim-resistant dihydrofolate reductase DfrA12	NF000053.2	trimethoprim-resistant dihydrofolate reductase DfrA12
B742_RS0110680	blaOXA-2	oxacillin-hydrolyzing class D beta-lactamase OXA-2	core	AMR	AMR	BETA-LACTAM	BETA-LACTAM	ALLELEP	276	275	100.00	100.00	275	WP_001007673.1	oxacillin-hydrolyzing class D beta-lactamase OXA-2	NF000267.2	OXA-2 family class D beta-lactamase
B754_RS0117185	mph(E)	Mph(E) family macrolide 2'-phosphotransferase	core	AMR	AMR	MACROLIDE	ERYTHROMYCIN	BLASTP	305	294	98.98	100.00	291	WP_000155092.1	Mph(E) family macrolide 2'-phosphotransferase	NF012158.1	Mph(E) family macrolide 2'-phosphotransferase
B7L36_RS09130	aac(3)-I	AAC(3)-I family aminoglycoside 3-N-acetyltransferase	core	AMR	AMR	AMINOGLYCOSIDE	GENTAMICIN	HMM	159	158	100.00	80.38	158	WP_038404949.1	AAC(3)-I family aminoglycoside 3-N-acetyltransferase	NF033083.0	AAC(3)-I family aminoglycoside 3-N-acetyltransferase
B7L45_RS07505	aadA1	ANT(3'')-Ia family aminoglycoside nucleotidyltransferase AadA1	core	AMR	AMR	AMINOGLYCOSIDE	STREPTOMYCIN	EXACTP	264	263	100.00	100.00	263	WP_001206316.1	ANT(3'')-Ia family aminoglycoside nucleotidyltransferase AadA1	NF033126.1	ANT(3'')-Ia family aminoglycoside nucleotidyltransferase AadA1
B9X85_RS01685	merR	mercury resistance transcriptional regulator MerR	plus	STRESS	METAL	MERCURY	MERCURY	BLASTP	152	144	98.61	92.96	142	CAA77320.1	mercury resistance transcriptional regulator MerR	NF010315.0	mercury resistance transcriptional regulator MerR
B9X85_RS01695	merP	mercury resistance system periplasmic binding protein MerP	plus	STRESS	METAL	MERCURY	MERCURY	HMM	92	91	100.00	84.62	91	AAC38219.1	mercury resistance system periplasmic binding protein MerP	TIGR02052.1	mercury resistance system periplasmic binding protein MerP
B9X85_RS01700	merC	organomercurial transporter MerC	plus	STRESS	METAL	MERCURY	ORGANOMERCURY	HMM	142	141	100.00	79.43	141	AAC38233.1	organomercurial transporter MerC	NF033784.1	organomercurial transporter MerC
CP902_RS19735	blaCARB-16	RTG family carbenicillin-hydrolyzing class A beta-lactamase CARB-16	core	AMR	AMR	BETA-LACTAM	BETA-LACTAM	ALLELEP	299	298	100.00	100.00	298	WP_015589625.1	RTG family carbenicillin-hydrolyzing class A beta-lactamase CARB-16	NF000284.1	RTG family carbenicillin-hydrolyzing class A beta-lactamase
CTI08_RS16660	blaOXA	OXA-23 family carbapenem-hydrolyzing class D beta-lactamase	core	AMR	AMR	BETA-LACTAM	CARBAPENEM	BLASTP	282	273	99.27	100.00	271	WP_001046004.1	OXA-23 family carbapenem-hydrolyzing class D beta-lactamase OXA-23	NF000266.2	OXA-23 family carbapenem-hydrolyzing class D beta-lactamase
D3X55_RS03240	sat2	streptothricin N-acetyltransferase Sat2	core	AMR	AMR	STREPTOTHRICIN	STREPTOTHRICIN	EXACTP	175	174	100.00	100.00	174	WP_000704156.1	streptothricin N-acetyltransferase Sat2	NF000358.1	streptothricin N-acetyltransferase Sat2
D3X55_RS03245	dfrA1	trimethoprim-resistant dihydrofolate reductase DfrA1	core	AMR	AMR	TRIMETHOPRIM	TRIMETHOPRIM	EXACTP	158	157	100.00	100.00	157	WP_000777554.1	trimethoprim-resistant dihydrofolate reductase DfrA1	NF000330.1	trimethoprim-resistant dihydrofolate reductase DfrA
D3X55_RS03905	ant(2'')-Ia	aminoglycoside nucleotidyltransferase ANT(2'')-Ia	core	AMR	AMR	AMINOGLYCOSIDE	GENTAMICIN/KANAMYCIN/TOBRAMYCIN	BLASTP	178	177	100.00	98.31	177	WP_000381803.1	aminoglycoside nucleotidyltransferase ANT(2'')-Ia	NF000064.3	aminoglycoside nucleotidyltransferase ANT(2'')-Ia
D3X55_RS21145	floR	chloramphenicol/florfenicol efflux MFS transporter FloR	core	AMR	AMR	PHENICOL	CHLORAMPHENICOL/FLORFENICOL	EXACTP	405	404	100.00	100.00	404	WP_000214119.1	chloramphenicol/florfenicol efflux MFS transporter FloR	NF000219.1	chloramphenicol/florfenicol efflux MFS transporter FloR
D7A46_RS06310	fosA3	fosfomycin resistance glutathione transferase FosA3	core	AMR	AMR	FOSFOMYCIN	FOSFOMYCIN	ALLELEP	139	138	100.00	100.00	138	WP_014839980.1	fosfomycin resistance glutathione transferase FosA3	NF000075.1	FosA3/FosA4 family fosfomycin resistance glutathione transferase
DFT00_RS19685	emrE	multidrug efflux SMR transporter EmrE	plus	STRESS	BIOCIDE	EFFLUX	EFFLUX	PARTIALP	74	110	67.27	98.65	74	CAA77936.1	multidrug efflux SMR transporter EmrE	NA	NA
DLI69_RS18590	dfrA44	trimethoprim-resistant dihydrofolate reductase DfrA44	core	AMR	AMR	TRIMETHOPRIM	TRIMETHOPRIM	EXACTP	171	170	100.00	100.00	170	WP_031380727.1	trimethoprim-resistant dihydrofolate reductase DfrA44	NA	NA
DR209_RS11395	blaOXA-235	OXA-134 family carbapenem-hydrolyzing class D beta-lactamase OXA-235	core	AMR	AMR	BETA-LACTAM	CARBAPENEM	ALLELEP	277	276	100.00	100.00	276	WP_000854009.1	OXA-134 family carbapenem-hydrolyzing class D beta-lactamase OXA-235	NF000436.2	OXA-134 family carbapenem-hydrolyzing class D beta-lactamase
DVS54_RS03395	bla	subclass B3 metallo-beta-lactamase	core	AMR	AMR	BETA-LACTAM	BETA-LACTAM	HMM	285	285	97.54	43.66	284	WP_063864745.1	subclass B3 metallo-beta-lactamase	NF033105.1	subclass B3 metallo-beta-lactamase
DY186_RS17960	blaOXA-20	oxacillin-hydrolyzing class D beta-lactamase OXA-20	core	AMR	AMR	BETA-LACTAM	BETA-LACTAM	ALLELEP	267	266	100.00	100.00	266	WP_000586782.1	oxacillin-hydrolyzing class D beta-lactamase OXA-20	NF052298.1	OXA-20 family oxacillin-hydrolyzing class D beta-lactamase
DYB08_RS02890	aph(3'')-Ib	aminoglycoside O-phosphotransferase APH(3'')-Ib	core	AMR	AMR	AMINOGLYCOSIDE	STREPTOMYCIN	BLASTP	269	267	98.50	100.00	263	WP_001082319.1	aminoglycoside O-phosphotransferase APH(3'')-Ib	NF032895.1	aminoglycoside O-phosphotransferase APH(3'')-Ib
EA682_RS19340	aacA35	AAC(6')-II family aminoglycoside 6'-N-acetyltransferase AacA35	core	AMR	AMR	AMINOGLYCOSIDE	GENTAMICIN/KANAMYCIN/TOBRAMYCIN	ALLELEP	185	184	100.00	100.00	184	WP_024437054.1	AAC(6')-II family aminoglycoside 6'-N-acetyltransferase AacA35	NF012165.0	aminoglycoside 6'-N-acetyltransferase
EA682_RS19345	aacA43	AAC(6')-Ia family aminoglycoside 6'-N-acetyltransferase AacA43	core	AMR	AMR	AMINOGLYCOSIDE	KANAMYCIN/TOBRAMYCIN	EXACTP	188	187	100.00	100.00	187	WP_024437351.1	AAC(6')-Ia family aminoglycoside 6'-N-acetyltransferase AacA43	NF033078.2	AAC(6')-Ia family aminoglycoside 6'-N-acetyltransferase
EA732_RS18690	shsP	small heat shock protein sHSP20-GI	plus	STRESS	HEAT	NA	NA	BLASTP	153	152	100.00	98.03	152	ASF80771.1	small heat shock protein sHSP20-GI	NA	NA
EGO50_RS11570	aac(6')-Il	aminoglycoside N-acetyltransferase AAC(6')-Il	core	AMR	AMR	AMINOGLYCOSIDE	AMIKACIN/KANAMYCIN/TOBRAMYCIN	PARTIALP	98	152	64.47	100.00	98	WP_013263788.1	aminoglycoside N-acetyltransferase AAC(6')-Il	NA	NA
EKS29_RS16235	aac(3)-IId	aminoglycoside N-acetyltransferase AAC(3)-IId	core	AMR	AMR	AMINOGLYCOSIDE	GENTAMICIN	BLASTP	288	286	98.60	100.00	282	WP_000557454.1	aminoglycoside N-acetyltransferase AAC(3)-IId	NF033080.0	AAC(3)-II family aminoglycoside N-acetyltransferase
F2P42_RS19075	merD	mercury resistance co-regulator MerD	plus	STRESS	METAL	MERCURY	MERCURY	EXACTP	122	121	100.00	100.00	121	ABF13034.1	mercury resistance co-regulator MerD	NF033783.1	mercury resistance co-regulator MerD
F2P42_RS19080	merE	broad-spectrum mercury transporter MerE	plus	STRESS	METAL	MERCURY	MERCURY	BLASTP	79	78	100.00	94.87	78	AAC38236.1	broad-spectrum mercury transporter MerE	NF010310.2	broad-spectrum mercury transporter MerE
F6D64_RS20275	aac(6')-IIc	aminoglycoside N-acetyltransferase AAC(6')-IIc	core	AMR	AMR	AMINOGLYCOSIDE	GENTAMICIN/KANAMYCIN/TOBRAMYCIN	PARTIALP	102	193	52.85	99.02	102	WP_012695484.1	aminoglycoside N-acetyltransferase AAC(6')-IIc	NA	NA
F6D69_RS19140	merE	broad-spectrum mercury transporter MerE	plus	STRESS	METAL	MERCURY	MERCURY	HMM	79	78	100.00	84.62	78	CAA77325.1	broad-spectrum mercury transporter MerE	NF010310.2	broad-spectrum mercury transporter MerE
F7R60_RS19740	estT	macrolide hydrolase EstT	core	AMR	AMR	MACROLIDE	TYLOSIN	HMM	287	282	98.94	84.59	279	WP_185148407.1	macrolide hydrolase EstT	NF041759.1	macrolide hydrolase EstT
F7R60_RS19745	tet(X5)	tetracycline-inactivating monooxygenase Tet(X5)	core	AMR	AMR	TETRACYCLINE	TIGECYCLINE	EXACTP	389	388	100.00	100.00	388	WP_150378267.1	tetracycline-inactivating monooxygenase Tet(X5)	NF033111.2	tetracycline-inactivating monooxygenase Tet(X)
FCE98_RS18305	qnrS1	quinolone resistance pentapeptide repeat protein QnrS1	core	AMR	AMR	QUINOLONE	QUINOLONE	ALLELEP	219	218	100.00	100.00	218	WP_001516695.1	quinolone resistance pentapeptide repeat protein QnrS1	NF000056.3	QnrS family quinolone resistance pentapeptide repeat protein
FE003_RS13600	blaSHV-12	extended-spectrum class A beta-lactamase SHV-12	core	AMR	AMR	BETA-LACTAM	CEFIDEROCOL/CEPHALOSPORIN	ALLELEP	287	286	100.00	100.00	286	WP_002904004.1	extended-spectrum class A beta-lactamase SHV-12	NF000285.3	SHV family class A beta-lactamase
FJU37_RS12910	blaADC	ADC family extended-spectrum class C beta-lactamase	core	AMR	AMR	BETA-LACTAM	CEPHALOSPORIN	BLASTP	390	388	100.00	98.97	389	WP_068981627.1	extended-spectrum class C beta-lactamase ADC-96	NF000425.2	ADC family extended-spectrum class C beta-lactamase
FJU87_RS16895	aac(6')-Ib	AAC(6')-Ib family aminoglycoside 6'-N-acetyltransferase	core	AMR	AMR	AMINOGLYCOSIDE	GENTAMICIN	BLASTP	196	184	100.00	100.00	184	WP_003159191.1	aminoglycoside N-acetyltransferase AAC(6')-Ib4	NF033074.0	AAC(6')-Ib family aminoglycoside 6'-N-acetyltransferase
FJU87_RS18625	merG	phenylmercury resistance protein MerG	plus	STRESS	METAL	MERCURY	PHENYLMERCURY	BLASTP	218	217	100.00	96.77	217	BAA23166.1	phenylmercury resistance protein MerG	NF033786.1	phenylmercury resistance protein MerG
FJU87_RS18630	merA	mercury(II) reductase	plus	STRESS	METAL	MERCURY	MERCURY	BLASTP	570	569	100.00	95.43	569	BAA20337.1	mercury(II) reductase	TIGR02053.1	mercury(II) reductase
FJU87_RS18635	merP	mercury resistance system periplasmic binding protein MerP	plus	STRESS	METAL	MERCURY	MERCURY	HMM	93	91	100.00	82.61	92	BAA20336.1	mercury resistance system periplasmic binding protein MerP	TIGR02052.1	mercury resistance system periplasmic binding protein MerP
FJU87_RS18665	merB	organomercurial lyase MerB	plus	STRESS	METAL	MERCURY	ORGANOMERCURY	EXACTP	213	212	100.00	100.00	212	AAA88369.1	organomercurial lyase MerB	NF033555.1	organomercurial lyase MerB
FJV04_RS13570	amvA	multidrug efflux MFS transporter AmvA	plus	AMR	AMR	EFFLUX	EFFLUX	BLASTP	495	492	100.00	99.60	494	ACQ82816.1	multidrug efflux MFS transporter AmvA	NA	NA
FPK34_RS20790	arsD	arsenite efflux transporter metallochaperone ArsD	plus	STRESS	METAL	ARSENIC	ARSENITE	PARTIALP	97	120	80.83	96.91	97	AAB09625.1	arsenite efflux transporter metallochaperone ArsD	NF033727.2	arsenite efflux transporter metallochaperone ArsD
FPK34_RS21210	pcoC	copper resistance system metallochaperone PcoC	plus	STRESS	METAL	COPPER	COPPER	PARTIALP	91	126	71.43	100.00	90	CAA58527.1	copper resistance system metallochaperone PcoC	NA	NA
FPK45_RS22080	asr	acid resistance repetitive basic protein Asr	plus	STRESS	ACID	NA	NA	HMM	83	102	76.47	61.45	83	BAA15331.2	acid resistance repetitive basic protein Asr	NF033636.1	acid resistance repetitive basic protein Asr
FPK45_RS22865	asr	acid resistance repetitive basic protein Asr	plus	STRESS	ACID	NA	NA	HMM	64	102	63.73	68.12	69	BAA15331.2	acid resistance repetitive basic protein Asr	NF033636.1	acid resistance repetitive basic protein Asr
FR761_RS19695	qacG2	quaternary ammonium compound efflux SMR transporter QacG2	core	STRESS	BIOCIDE	QUATERNARY AMMONIUM	QUATERNARY AMMONIUM	EXACTP	111	110	100.00	100.00	110	WP_015063357.1	quaternary ammonium compound efflux SMR transporter QacG2	NF000278.1	quaternary ammonium compound efflux SMR transporter QacG2
G3R47_RS18700	tet(M)	tetracycline resistance ribosomal protection protein Tet(M)	core	AMR	AMR	TETRACYCLINE	TETRACYCLINE	EXACTP	640	639	100.00	100.00	639	WP_000691727.1	tetracycline resistance ribosomal protection protein Tet(M)	NF012155.1	tetracycline resistance ribosomal protection protein Tet(M)
G3R47_RS19555	dfrA41	trimethoprim-resistant dihydrofolate reductase DfrA41	core	AMR	AMR	TRIMETHOPRIM	TRIMETHOPRIM	EXACTP	171	170	100.00	100.00	170	WP_004729503.1	trimethoprim-resistant dihydrofolate reductase DfrA41	NA	NA
G3T41_RS13220	aac(3)-Ia	aminoglycoside N-acetyltransferase AAC(3)-Ia	core	AMR	AMR	AMINOGLYCOSIDE	GENTAMICIN	EXACTP	155	154	100.00	100.00	154	WP_002089484.1	aminoglycoside N-acetyltransferase AAC(3)-Ia	NF033083.0	AAC(3)-I family aminoglycoside 3-N-acetyltransferase
G3T41_RS13255	aacA16	AAC(6')-Ia family aminoglycoside 6'-N-acetyltransferase AacA16	core	AMR	AMR	AMINOGLYCOSIDE	AMINOGLYCOSIDE	ALLELEP	184	183	100.00	100.00	183	WP_001109644.1	AAC(6')-Ia family aminoglycoside 6'-N-acetyltransferase AacA16	NF033078.2	AAC(6')-Ia family aminoglycoside 6'-N-acetyltransferase
G3T41_RS18280	sul2	sulfonamide-resistant dihydropteroate synthase Sul2	core	AMR	AMR	SULFONAMIDE	SULFONAMIDE	EXACTP	272	271	100.00	100.00	271	WP_001043260.1	sulfonamide-resistant dihydropteroate synthase Sul2	NF000295.1	sulfonamide-resistant dihydropteroate synthase Sul2
G3T41_RS20145	blaOXA-72	OXA-24 family carbapenem-hydrolyzing class D beta-lactamase OXA-72	core	AMR	AMR	BETA-LACTAM	CARBAPENEM	ALLELEP	276	275	100.00	100.00	275	WP_000713530.1	OXA-24 family carbapenem-hydrolyzing class D beta-lactamase OXA-72	NF000434.2	OXA-24 family carbapenem-hydrolyzing class D beta-lactamase
GHT88_RS19055	estT	macrolide hydrolase EstT	core	AMR	AMR	MACROLIDE	TYLOSIN	HMM	281	282	100.00	73.40	282	WP_185148407.1	macrolide hydrolase EstT	NF041759.1	macrolide hydrolase EstT
GSE42_RS19945	aadA16	ANT(3'')-Ia family aminoglycoside nucleotidyltransferase AadA16	core	AMR	AMR	AMINOGLYCOSIDE	STREPTOMYCIN	EXACTP	282	281	100.00	100.00	281	WP_001749984.1	ANT(3'')-Ia family aminoglycoside nucleotidyltransferase AadA16	NF012157.0	ANT(3'')-I family aminoglycoside nucleotidyltransferase
GSE42_RS19950	dfrA27	trimethoprim-resistant dihydrofolate reductase DfrA27	core	AMR	AMR	TRIMETHOPRIM	TRIMETHOPRIM	EXACTP	158	157	100.00	100.00	157	WP_001749985.1	trimethoprim-resistant dihydrofolate reductase DfrA27	NF000330.1	trimethoprim-resistant dihydrofolate reductase DfrA
GSE42_RS20555	rmtB1	16S rRNA (guanine(1405)-N(7))-methyltransferase RmtB1	core	AMR	AMR	AMINOGLYCOSIDE	AMINOGLYCOSIDE	ALLELEP	252	251	100.00	100.00	251	WP_012372818.1	16S rRNA (guanine(1405)-N(7))-methyltransferase RmtB1	NF033209.1	RmtB family 16S rRNA (guanine(1405)-N(7))-methyltransferase
H1145_RS18355	aacA34	aminoglycoside 6'-N-acetyltransferase AacA34	core	AMR	AMR	AMINOGLYCOSIDE	KANAMYCIN/TOBRAMYCIN	EXACTP	147	146	100.00	100.00	146	WP_052285801.1	aminoglycoside 6'-N-acetyltransferase AacA34	NF000123.2	aminoglycoside 6'-N-acetyltransferase AacA34
HB663_RS18895	cmlA5	chloramphenicol efflux MFS transporter CmlA5	core	AMR	AMR	PHENICOL	CHLORAMPHENICOL	EXACTP	420	419	100.00	100.00	419	WP_012300772.1	chloramphenicol efflux MFS transporter CmlA5	NF000509.1	CmlA family chloramphenicol efflux MFS transporter
HB663_RS18900	arr-2	NAD(+)--rifampin ADP-ribosyltransferase Arr-2	core	AMR	AMR	RIFAMYCIN	RIFAMYCIN	ALLELEP	151	150	100.00	100.00	150	WP_000237816.1	NAD(+)--rifampin ADP-ribosyltransferase Arr-2	NF033144.1	NAD(+)--rifampin ADP-ribosyltransferase
HB663_RS19030	dfrA45	trimethoprim-resistant dihydrofolate reductase DfrA45	core	AMR	AMR	TRIMETHOPRIM	TRIMETHOPRIM	EXACTP	165	164	100.00	100.00	164	WP_049581834.1	trimethoprim-resistant dihydrofolate reductase DfrA45	NA	NA
HF304_RS11135	tet(C)	tetracycline efflux MFS transporter Tet(C)	core	AMR	AMR	TETRACYCLINE	TETRACYCLINE	EXACTP	392	391	100.00	100.00	391	WP_000841448.1	tetracycline efflux MFS transporter Tet(C)	NF012191.0	tetracycline efflux MFS transporter Tet(C)
HLI16_RS13590	blaOXA-1	oxacillin-hydrolyzing class D beta-lactamase OXA-1	core	AMR	AMR	BETA-LACTAM	CEPHALOSPORIN	ALLELEP	277	276	100.00	100.00	276	WP_001334766.1	oxacillin-hydrolyzing class D beta-lactamase OXA-1	NF000388.2	OXA-1 family class D beta-lactamase
HLI16_RS15405	merP	mercury resistance system periplasmic binding protein MerP	plus	STRESS	METAL	MERCURY	MERCURY	HMM	95	91	98.90	55.56	90	BAA20336.1	mercury resistance system periplasmic binding protein MerP	TIGR02052.1	mercury resistance system periplasmic binding protein MerP
HLI16_RS15410	merC	organomercurial transporter MerC	plus	STRESS	METAL	MERCURY	ORGANOMERCURY	HMM	140	140	93.57	59.54	131	AAC33908.1	organomercurial transporter MerC	NF033784.1	organomercurial transporter MerC
HOO23_RS18700	aph(3')-IIa	aminoglycoside O-phosphotransferase APH(3')-IIa	core	AMR	AMR	AMINOGLYCOSIDE	KANAMYCIN	EXACTP	265	264	100.00	100.00	264	WP_000572405.1	aminoglycoside O-phosphotransferase APH(3')-IIa	NF032898.2	APH(3')-II family aminoglycoside O-phosphotransferase
HUF98_RS16215	ant(3'')-IId	aminoglycoside nucleotidyltransferase ANT(3')-IId	core	AMR	AMR	AMINOGLYCOSIDE	SPECTINOMYCIN/STREPTOMYCIN	EXACTP	263	262	100.00	100.00	262	WP_038350081.1	aminoglycoside nucleotidyltransferase ANT(3')-IId	NA	NA
I8P62_RS08320	aac(3)-I	AAC(3)-I family aminoglycoside 3-N-acetyltransferase	core	AMR	AMR	AMINOGLYCOSIDE	GENTAMICIN	HMM	155	158	97.47	85.06	154	WP_038404949.1	AAC(3)-I family aminoglycoside 3-N-acetyltransferase	NF033083.0	AAC(3)-I family aminoglycoside 3-N-acetyltransferase
I8P62_RS14560	arr-4	NAD(+)--rifampin ADP-ribosyltransferase Arr-4	core	AMR	AMR	RIFAMYCIN	RIFAMYCIN	ALLELEP	151	150	100.00	100.00	150	WP_033959319.1	NAD(+)--rifampin ADP-ribosyltransferase Arr-4	NF033144.1	NAD(+)--rifampin ADP-ribosyltransferase
IS509_RS00955	tet(Y)	tetracycline efflux MFS transporter Tet(Y)	core	AMR	AMR	TETRACYCLINE	TETRACYCLINE	EXACTP	392	391	100.00	100.00	391	WP_011931119.1	tetracycline efflux MFS transporter Tet(Y)	NF012188.1	tetracycline efflux MFS transporter Tet(Y)
J527_RS21425	merA	mercury(II) reductase	plus	STRESS	METAL	MERCURY	MERCURY	HMM	544	561	100.00	89.48	561	AAC38220.1	mercury(II) reductase	TIGR02053.1	mercury(II) reductase
J558_RS0105155	clpK	heat shock survival AAA family ATPase ClpK	plus	STRESS	HEAT	NA	NA	BLASTP	954	949	100.00	95.91	953	ASF80763.1	heat shock survival AAA family ATPase ClpK	NF033606.1	heat shock survival AAA family ATPase ClpK
J558_RS20985	yfdX2	heat resistance protein YfdX2	plus	STRESS	HEAT	NA	NA	BLASTP	296	295	100.00	97.97	295	ASF80766.1	heat resistance protein YfdX2	NA	NA
JO931_RS18795	aadA5	ANT(3'')-Ia family aminoglycoside nucleotidyltransferase AadA5	core	AMR	AMR	AMINOGLYCOSIDE	STREPTOMYCIN	EXACTP	263	262	100.00	100.00	262	WP_000503573.1	ANT(3'')-Ia family aminoglycoside nucleotidyltransferase AadA5	NF012157.0	ANT(3'')-I family aminoglycoside nucleotidyltransferase
JO931_RS19100	blaCTX-M-115	extended-spectrum class A beta-lactamase CTX-M-115	core	AMR	AMR	BETA-LACTAM	CEPHALOSPORIN	ALLELEP	292	291	100.00	100.00	291	WP_035895532.1	extended-spectrum class A beta-lactamase CTX-M-115	NF033089.1	CTX-M family extended-spectrum class A beta-lactamase
K642_RS0119640	tet(D)	tetracycline efflux MFS transporter Tet(D)	core	AMR	AMR	TETRACYCLINE	TETRACYCLINE	BLASTP	365	394	92.64	99.73	365	WP_001039466.1	tetracycline efflux MFS transporter Tet(D)	NF012186.0	tetracycline efflux MFS transporter Tet(D)
L2638_RS20270	dfrA23	trimethoprim-resistant dihydrofolate reductase DfrA23	core	AMR	AMR	TRIMETHOPRIM	TRIMETHOPRIM	EXACTP	187	186	100.00	100.00	186	WP_001143450.1	trimethoprim-resistant dihydrofolate reductase DfrA23	NF000134.2	trimethoprim-resistant dihydrofolate reductase DfrA23
L7M95_RS15910	aph(3')-VIa	aminoglycoside O-phosphotransferase APH(3')-VIa	core	AMR	AMR	AMINOGLYCOSIDE	AMIKACIN/KANAMYCIN	BLASTP	260	259	100.00	99.61	259	WP_000422636.1	aminoglycoside O-phosphotransferase APH(3')-VIa	NF033062.0	APH(3')-VI family aminoglycoside O-phosphotransferase
L7M95_RS18510	ble	bleomycin binding protein Ble-MBL	core	AMR	AMR	BLEOMYCIN	BLEOMYCIN	EXACTP	122	121	100.00	100.00	121	WP_004201167.1	bleomycin binding protein Ble-MBL	NF012202.0	bleomycin binding protein Ble-MBL
L7M95_RS18515	blaNDM-1	subclass B1 metallo-beta-lactamase NDM-1	core	AMR	AMR	BETA-LACTAM	CARBAPENEM	ALLELEP	271	270	100.00	100.00	270	WP_004201164.1	subclass B1 metallo-beta-lactamase NDM-1	NF000259.2	NDM family subclass B1 metallo-beta-lactamase
LO014_RS18940	blaGIM-1	subclass B1 metallo-beta-lactamase GIM-1	core	AMR	AMR	BETA-LACTAM	CARBAPENEM	ALLELEP	251	250	100.00	100.00	250	WP_015588753.1	subclass B1 metallo-beta-lactamase GIM-1	NF000396.3	GIM family subclass B1 metallo-beta-lactamase
MO859_RS14780	blaOXA	OXA-51 family carbapenem-hydrolyzing class D beta-lactamase	core	AMR	AMR	BETA-LACTAM	CARBAPENEM	BLASTP	282	274	98.18	100.00	269	WP_063862738.1	OXA-51 family carbapenem-hydrolyzing class D beta-lactamase OXA-371	NF000268.2	OXA-51 family carbapenem-hydrolyzing class D beta-lactamase
NLHDIDDJ_RS02550	dfrA38	trimethoprim-resistant dihydrofolate reductase DfrA38	core	AMR	AMR	TRIMETHOPRIM	TRIMETHOPRIM	EXACTP	167	166	100.00	100.00	166	WP_197749399.1	trimethoprim-resistant dihydrofolate reductase DfrA38	NA	NA
NLHDIDDJ_RS03025	dfrA14	trimethoprim-resistant dihydrofolate reductase DfrA14	core	AMR	AMR	TRIMETHOPRIM	TRIMETHOPRIM	EXACTP	158	157	100.00	100.00	157	WP_004201280.1	trimethoprim-resistant dihydrofolate reductase DfrA14	NF000330.1	trimethoprim-resistant dihydrofolate reductase DfrA
NNO94_RS02065	nreB	nickel resistance MFS transporter NreB	plus	STRESS	METAL	NICKEL	NICKEL	BLASTP	417	416	100.00	98.32	416	ADY84088.1	nickel resistance MFS transporter NreB	NA	NA
NNO94_RS06085	abaF	fosfomycin efflux MFS transporter AbaF	plus	AMR	AMR	FOSFOMYCIN	FOSFOMYCIN	BLASTP	430	429	100.00	99.53	429	ABO11759.2	fosfomycin efflux MFS transporter AbaF	NA	NA
NNO94_RS08705	adeC	multidrug efflux RND transporter AdeABC outer membrane channel subunit AdeC	plus	AMR	AMR	EFFLUX	EFFLUX	BLASTP	466	465	100.00	97.20	465	AAL14441.1	multidrug efflux RND transporter AdeABC outer membrane channel subunit AdeC	NF033142.1	multidrug efflux RND transporter AdeABC outer membrane channel subunit AdeC
NNO94_RS12825	cxpE	chloramphenicol efflux transporter CxpE	plus	AMR	AMR	PHENICOL	CHLORAMPHENICOL	EXACTP	398	397	100.00	100.00	397	AKA30736.1	chloramphenicol efflux transporter CxpE	NF045801.1	chloramphenicol efflux transporter CxpE
NNO94_RS18070	ant(3'')-IIa	aminoglycoside nucleotidyltransferase ANT(3'')-IIa	core	AMR	AMR	AMINOGLYCOSIDE	SPECTINOMYCIN/STREPTOMYCIN	EXACTP	263	262	100.00	100.00	262	WP_001279062.1	aminoglycoside nucleotidyltransferase ANT(3'')-IIa	NF033220.1	ANT(3'')-II family aminoglycoside nucleotidyltransferase
NNO96_RS15040	trxLHR	heat resistance system thioredoxin Trx-GI	plus	STRESS	HEAT	NA	NA	BLASTP	146	146	100.00	95.21	146	APX31176.1	heat resistance system thioredoxin Trx-GI	NA	NA
O2S79_RS06540	catA1	type A-1 chloramphenicol O-acetyltransferase	core	AMR	AMR	PHENICOL	CHLORAMPHENICOL	EXACTP	220	219	100.00	100.00	219	WP_000412211.1	type A-1 chloramphenicol O-acetyltransferase	NF000491.1	type A chloramphenicol O-acetyltransferase
OCUAC_RS17310	blaTMB-1	subclass B1 metallo-beta-lactamase TMB-1	core	AMR	AMR	BETA-LACTAM	CARBAPENEM	ALLELEP	246	245	100.00	100.00	245	WP_063865147.1	subclass B1 metallo-beta-lactamase TMB-1	NF000443.2	TMB family subclass B1 metallo-beta-lactamase
P676_RS05115	cml	CmlA/FloR family chloramphenicol efflux MFS transporter	core	AMR	AMR	PHENICOL	CHLORAMPHENICOL	HMM	422	421	100.00	88.36	421	WP_024160909.1	CmlA/FloR family chloramphenicol efflux MFS transporter	NF033134.0	CmlA/FloR family chloramphenicol efflux MFS transporter
P676_RS09940	aac(6')-Ian	aminoglycoside N-acetyltransferase AAC(6')-Ian	core	AMR	AMR	AMINOGLYCOSIDE	AMIKACIN/KANAMYCIN/TOBRAMYCIN	EXACTP	191	190	100.00	100.00	190	WP_000960976.1	aminoglycoside N-acetyltransferase AAC(6')-Ian	NF000431.1	aminoglycoside N-acetyltransferase AAC(6')-Ian
PK64_RS09950	qnrB19	quinolone resistance pentapeptide repeat protein QnrB19	core	AMR	AMR	QUINOLONE	QUINOLONE	ALLELEP	215	214	100.00	100.00	214	WP_012954666.1	quinolone resistance pentapeptide repeat protein QnrB19	NF000420.1	QnrB family quinolone resistance pentapeptide repeat protein
PV194_RS18825	tet(A)	tetracycline efflux MFS transporter Tet(A)	core	AMR	AMR	TETRACYCLINE	TETRACYCLINE	EXACTP	400	399	100.00	100.00	399	WP_001973670.1	tetracycline efflux MFS transporter Tet(A)	NF012193.0	tetracycline efflux MFS transporter Tet(A)
PV194_RS19275	blaVEB-9	inhibitor-resistant extended-spectrum class A beta-lactamase VEB-9	core	AMR	AMR	BETA-LACTAM	CEPHALOSPORIN/TANIBORBACTAM	ALLELEP	300	299	100.00	100.00	299	WP_032494864.1	inhibitor-resistant extended-spectrum class A beta-lactamase VEB-9	NF000390.2	VEB family extended-spectrum class A beta-lactamase
QM259_RS11605	blaRSA1	RSA1 family class A beta-lactamase	core	AMR	AMR	BETA-LACTAM	CEPHALOSPORIN	PARTIALP	245	283	86.57	99.18	245	WP_216944871.1	RSA1 family class A beta-lactamase	NF033103.1	class A beta-lactamase
QM277_RS12180	blaVIM-5	subclass B1 metallo-beta-lactamase VIM-5	core	AMR	AMR	BETA-LACTAM	CARBAPENEM	ALLELEP	267	266	100.00	100.00	266	WP_032491390.1	subclass B1 metallo-beta-lactamase VIM-5	NF012100.0	VIM family subclass B1 metallo-beta-lactamase
QP087_RS12850	merB	organomercurial lyase MerB	plus	STRESS	METAL	MERCURY	ORGANOMERCURY	HMM	209	212	92.92	62.44	197	AAA88369.1	organomercurial lyase MerB	NF033555.1	organomercurial lyase MerB
RKQ62_RS18360	blaMCA	MCA family class C beta-lactamase	core	AMR	AMR	BETA-LACTAM	BETA-LACTAM	EXACTP	391	390	100.00	100.00	390	WP_057991970.1	MCA family class C beta-lactamase	NF033406.1	MCA family class C beta-lactamase
RKQ66_RS16560	ere(B)	EreB family erythromycin esterase	core	AMR	AMR	MACROLIDE	AZITHROMYCIN/ERYTHROMYCIN	EXACTP	420	419	100.00	100.00	419	WP_032488343.1	EreB family erythromycin esterase	NF000209.1	EreB family erythromycin esterase
TY69_RS16595	tet(B)	tetracycline efflux MFS transporter Tet(B)	core	AMR	AMR	TETRACYCLINE	TETRACYCLINE	BLASTP	406	401	99.75	100.00	400	WP_001089072.1	tetracycline efflux MFS transporter Tet(B)	NF012190.1	tetracycline efflux MFS transporter Tet(B)
U0542_RS11555	merT	mercuric transport protein MerT	plus	STRESS	METAL	MERCURY	MERCURY	BLASTP	122	116	99.14	99.13	115	CAA70196.1	mercuric transport protein MerT	NA	NA
U2E26_RS16780	merP	mercury resistance system periplasmic binding protein MerP	plus	STRESS	METAL	MERCURY	MERCURY	HMM	92	91	100.00	61.54	91	BAA20336.1	mercury resistance system periplasmic binding protein MerP	TIGR02052.1	mercury resistance system periplasmic binding protein MerP
U2E26_RS16785	merC	organomercurial transporter MerC	plus	STRESS	METAL	MERCURY	ORGANOMERCURY	HMM	136	141	93.62	58.33	132	AAC38233.1	organomercurial transporter MerC	NF033784.1	organomercurial transporter MerC
U2E26_RS16790	merA	mercury(II) reductase	plus	STRESS	METAL	MERCURY	MERCURY	HMM	558	562	99.29	56.71	559	CAC69251.1	mercury(II) reductase	TIGR02053.1	mercury(II) reductase
U2F21_RS00020	dfrA19	trimethoprim-resistant dihydrofolate reductase DfrA19	core	AMR	AMR	TRIMETHOPRIM	TRIMETHOPRIM	EXACTP	190	189	100.00	100.00	189	WP_000019304.1	trimethoprim-resistant dihydrofolate reductase DfrA19	NF000041.1	trimethoprim-resistant dihydrofolate reductase DfrA19
U2F21_RS16560	blaFOX-5	cephalosporin-hydrolyzing class C beta-lactamase FOX-5	core	AMR	AMR	BETA-LACTAM	CEPHALOSPORIN	ALLELEP	383	382	100.00	100.00	382	WP_016809943.1	cephalosporin-hydrolyzing class C beta-lactamase FOX-5	NF000399.2	FOX family cephalosporin-hydrolyzing class C beta-lactamase
U2F21_RS16570	ble	BLMT family bleomycin binding protein	core	AMR	AMR	BLEOMYCIN	BLEOMYCIN	HMM	120	126	92.86	74.36	117	WP_000131935.1	BLMT family bleomycin binding protein	NF000005.4	BLMT family bleomycin binding protein
U2F21_RS16575	aph(3')-II	APH(3')-II family aminoglycoside O-phosphotransferase	core	AMR	AMR	AMINOGLYCOSIDE	KANAMYCIN	HMM	259	264	95.83	74.31	253	WP_000572405.1	APH(3')-II family aminoglycoside O-phosphotransferase	NF032898.2	APH(3')-II family aminoglycoside O-phosphotransferase
V5147_RS17795	tet(39)	tetracycline efflux MFS transporter Tet(39)	core	AMR	AMR	TETRACYCLINE	TETRACYCLINE	EXACTP	396	395	100.00	100.00	395	WP_004856455.1	tetracycline efflux MFS transporter Tet(39)	NF012174.0	Tet(A)/Tet(B)/Tet(C) family tetracycline efflux MFS transporter
VT62_RS11965	aph(6)-Id	aminoglycoside O-phosphotransferase APH(6)-Id	core	AMR	AMR	AMINOGLYCOSIDE	STREPTOMYCIN	BLASTP	270	278	100.00	96.76	278	WP_000480968.1	aminoglycoside O-phosphotransferase APH(6)-Id	NF012171.0	APH(6)-I family aminoglycoside O-phosphotransferase
VXO87_RS16705	yfdX1	heat resistance protein YfdX1	plus	STRESS	HEAT	NA	NA	BLASTP	304	304	100.00	88.82	304	APX31172.1	heat resistance protein YfdX1	NA	NA
